{
    "K": [
        [483.04449161,   0.0,         307.23210259],
        [  0.0,         485.72258244, 260.49519651],
        [  0.0,           0.0,           1.0      ]
    ],
    "distortion": [0.15327381, -0.32630592, 0.01920961, -0.0040156, 0.21145595],
    "camera_lidar_parameters": {
        "x": -0.13067443,
        "y": 0.01125667,
        "z": 0.05,
        "roll": 0.0,
        "pitch": 0.0,
        "yaw": -0.04203843415796716
    },
    "T_cam_lidar": [
        [ 0.04202605, -0.99911652,  0.0, -0.01125667],
        [ 0.0,         0.0,        -1.0,  0.05       ],
        [ 0.99911652,  0.04202605,  0.0, -0.13067443 ],
        [ 0.0,         0.0,         0.0,  1.0        ]
    ]
}
